Adicionales segun el caso;;;;;;;;;
;;;;;;;;;
"Producto / necesidad
";"Empresa
(Nombre fiscal de la empresa)";"Descripción del
bien/ servicio (b)
Características de los bienes/ servicios";"Importe Unitario
(moneda nacional)";"Importe Total
 IVA incluido
(moneda nacional)";"Importe Total
(moneda extranjera)";Tipo de cambio;"Forma de Pago 
(Contado o Cheque)";"Observaciones 
(se debe incluir toda aquella característica que no ha sido posible incluir anteriormente)";
Pistola escaner de barras;SAT STORE;Pistola de codigo de barras para facilitar el registro de los productos;$ 121.000;$ 143.990;$ 47; $3.052,00 ;Contado;Concecion USB resistente a caidas de hasta 3 metros garantia de 1 año;
Provedor de internet;Claro;Servicio de internet de banda ancha;$ 70.000;NA;$ 23; $3.052,00 ;Contado;Por la zona la mejor opcion de cobertura y velocida;
Cable UTP Ethernet;Homecenter;Coneccion a internet por cable;$ 7.000;$ 8.330;$ 2; $3.052,00 ;Contado;Cable sin los conectores o protecciones por lo cual se le agrega en el precio;
Impresora de recibos;SAT STORE;Impresion del recibo de venta;$ 101.735;$ 121.065;$ 33; $3.052,00 ;Contado;Impresora de recibos la cual usa papel termico para las impresiones el cual se vende por separado aproximadamente en 35.000;
;;;;;;;;;
;;;;;;;;;
Resumen;;;;;;;;;
4 articulos adicionales;Estas adiciones se realizan con el fin de una intregacion y modernizacion del proceso permitiendo mas optimizacion y control sobre los proseso;;;;;;;;
